path, accountId, amount
DEPOSIT,1,1000
DEPOSIT,2,1000
DEPOSIT,3,1000
DEPOSIT,4,1000
DEPOSIT,5,1000
DEPOSIT,6,1000
DEPOSIT,7,1000
DEPOSIT,8,1000
DEPOSIT,9,1000
DEPOSIT,10,1000
DEPOSIT,11,1000
DEPOSIT,12,1000
DEPOSIT,13,1000
DEPOSIT,14,1000
DEPOSIT,15,1000
DEPOSIT,16,1000
DEPOSIT,17,1000
DEPOSIT,18,1000
DEPOSIT,19,1000
DEPOSIT,20,1000
DEPOSIT,21,1000
DEPOSIT,22,1000
DEPOSIT,23,1000
DEPOSIT,24,1000
DEPOSIT,25,1000
DEPOSIT,26,1000
DEPOSIT,27,1000
DEPOSIT,28,1000
DEPOSIT,29,1000
DEPOSIT,30,1000
DEPOSIT,31,1000
DEPOSIT,32,1000
DEPOSIT,33,1000
DEPOSIT,34,1000
DEPOSIT,35,1000
DEPOSIT,36,1000
DEPOSIT,37,1000
DEPOSIT,38,1000
DEPOSIT,39,1000
DEPOSIT,40,1000
DEPOSIT,41,1000
DEPOSIT,42,1000
DEPOSIT,43,1000
DEPOSIT,44,1000
DEPOSIT,45,1000
DEPOSIT,46,1000
DEPOSIT,47,1000
DEPOSIT,48,1000
DEPOSIT,49,1000
DEPOSIT,50,1000
DEPOSIT,51,1000
DEPOSIT,52,1000
DEPOSIT,53,1000
DEPOSIT,54,1000
DEPOSIT,55,1000
DEPOSIT,56,1000
DEPOSIT,57,1000
DEPOSIT,58,1000
DEPOSIT,59,1000
DEPOSIT,60,1000
DEPOSIT,61,1000
DEPOSIT,62,1000
DEPOSIT,63,1000
DEPOSIT,64,1000
DEPOSIT,65,1000
DEPOSIT,66,1000
DEPOSIT,67,1000
DEPOSIT,68,1000
DEPOSIT,69,1000
DEPOSIT,70,1000
DEPOSIT,71,1000
DEPOSIT,72,1000
DEPOSIT,73,1000
DEPOSIT,74,1000
DEPOSIT,75,1000
DEPOSIT,76,1000
DEPOSIT,77,1000
DEPOSIT,78,1000
DEPOSIT,79,1000
DEPOSIT,80,1000
DEPOSIT,81,1000
DEPOSIT,82,1000
DEPOSIT,83,1000
DEPOSIT,84,1000
DEPOSIT,85,1000
DEPOSIT,86,1000
DEPOSIT,87,1000
DEPOSIT,88,1000
DEPOSIT,89,1000
DEPOSIT,90,1000
DEPOSIT,91,1000
DEPOSIT,92,1000
DEPOSIT,93,1000
DEPOSIT,94,1000
DEPOSIT,95,1000
DEPOSIT,96,1000
DEPOSIT,97,1000
DEPOSIT,98,1000
DEPOSIT,99,1000
DEPOSIT,100,1000
DEPOSIT,101,1000
DEPOSIT,102,1000
DEPOSIT,103,1000
DEPOSIT,104,1000
DEPOSIT,105,1000
DEPOSIT,106,1000
DEPOSIT,107,1000
DEPOSIT,108,1000
DEPOSIT,109,1000
DEPOSIT,110,1000
DEPOSIT,111,1000
DEPOSIT,112,1000
DEPOSIT,113,1000
DEPOSIT,114,1000
DEPOSIT,115,1000
DEPOSIT,116,1000
DEPOSIT,117,1000
DEPOSIT,118,1000
DEPOSIT,119,1000
DEPOSIT,120,1000
DEPOSIT,121,1000
DEPOSIT,122,1000
DEPOSIT,123,1000
DEPOSIT,124,1000
DEPOSIT,125,1000
DEPOSIT,126,1000
DEPOSIT,127,1000
DEPOSIT,128,1000
DEPOSIT,129,1000
DEPOSIT,130,1000
DEPOSIT,131,1000
DEPOSIT,132,1000
DEPOSIT,133,1000
DEPOSIT,134,1000
DEPOSIT,135,1000
DEPOSIT,136,1000
DEPOSIT,137,1000
DEPOSIT,138,1000
DEPOSIT,139,1000
DEPOSIT,140,1000
DEPOSIT,141,1000
DEPOSIT,142,1000
DEPOSIT,143,1000
DEPOSIT,144,1000
DEPOSIT,145,1000
DEPOSIT,146,1000
DEPOSIT,147,1000
DEPOSIT,148,1000
DEPOSIT,149,1000
DEPOSIT,150,1000
DEPOSIT,151,1000
DEPOSIT,152,1000
DEPOSIT,153,1000
DEPOSIT,154,1000
DEPOSIT,155,1000
DEPOSIT,156,1000
DEPOSIT,157,1000
DEPOSIT,158,1000
DEPOSIT,159,1000
DEPOSIT,160,1000
DEPOSIT,161,1000
DEPOSIT,162,1000
DEPOSIT,163,1000
DEPOSIT,164,1000
DEPOSIT,165,1000
DEPOSIT,166,1000
DEPOSIT,167,1000
DEPOSIT,168,1000
DEPOSIT,169,1000
DEPOSIT,170,1000
DEPOSIT,171,1000
DEPOSIT,172,1000
DEPOSIT,173,1000
DEPOSIT,174,1000
DEPOSIT,175,1000
DEPOSIT,176,1000
DEPOSIT,177,1000
DEPOSIT,178,1000
DEPOSIT,179,1000
DEPOSIT,180,1000
DEPOSIT,181,1000
DEPOSIT,182,1000
DEPOSIT,183,1000
DEPOSIT,184,1000
DEPOSIT,185,1000
DEPOSIT,186,1000
DEPOSIT,187,1000
DEPOSIT,188,1000
DEPOSIT,189,1000
DEPOSIT,190,1000
DEPOSIT,191,1000
DEPOSIT,192,1000
DEPOSIT,193,1000
DEPOSIT,194,1000
DEPOSIT,195,1000
DEPOSIT,196,1000
DEPOSIT,197,1000
DEPOSIT,198,1000
DEPOSIT,199,1000
DEPOSIT,200,1000
DEPOSIT,201,1000
DEPOSIT,202,1000
DEPOSIT,203,1000
DEPOSIT,204,1000
DEPOSIT,205,1000
DEPOSIT,206,1000
DEPOSIT,207,1000
DEPOSIT,208,1000
DEPOSIT,209,1000
DEPOSIT,210,1000
DEPOSIT,211,1000
DEPOSIT,212,1000
DEPOSIT,213,1000
DEPOSIT,214,1000
DEPOSIT,215,1000
DEPOSIT,216,1000
DEPOSIT,217,1000
DEPOSIT,218,1000
DEPOSIT,219,1000
DEPOSIT,220,1000
DEPOSIT,221,1000
DEPOSIT,222,1000
DEPOSIT,223,1000
DEPOSIT,224,1000
DEPOSIT,225,1000
DEPOSIT,226,1000
DEPOSIT,227,1000
DEPOSIT,228,1000
DEPOSIT,229,1000
DEPOSIT,230,1000
DEPOSIT,231,1000
DEPOSIT,232,1000
DEPOSIT,233,1000
DEPOSIT,234,1000
DEPOSIT,235,1000
DEPOSIT,236,1000
DEPOSIT,237,1000
DEPOSIT,238,1000
DEPOSIT,239,1000
DEPOSIT,240,1000
DEPOSIT,241,1000
DEPOSIT,242,1000
DEPOSIT,243,1000
DEPOSIT,244,1000
DEPOSIT,245,1000
DEPOSIT,246,1000
DEPOSIT,247,1000
DEPOSIT,248,1000
DEPOSIT,249,1000
DEPOSIT,250,1000
DEPOSIT,251,1000
DEPOSIT,252,1000
DEPOSIT,253,1000
DEPOSIT,254,1000
DEPOSIT,255,1000
DEPOSIT,256,1000
DEPOSIT,257,1000
DEPOSIT,258,1000
DEPOSIT,259,1000
DEPOSIT,260,1000
DEPOSIT,261,1000
DEPOSIT,262,1000
DEPOSIT,263,1000
DEPOSIT,264,1000
DEPOSIT,265,1000
DEPOSIT,266,1000
DEPOSIT,267,1000
DEPOSIT,268,1000
DEPOSIT,269,1000
DEPOSIT,270,1000
DEPOSIT,271,1000
DEPOSIT,272,1000
DEPOSIT,273,1000
DEPOSIT,274,1000
DEPOSIT,275,1000
DEPOSIT,276,1000
DEPOSIT,277,1000
DEPOSIT,278,1000
DEPOSIT,279,1000
DEPOSIT,280,1000
DEPOSIT,281,1000
DEPOSIT,282,1000
DEPOSIT,283,1000
DEPOSIT,284,1000
DEPOSIT,285,1000
DEPOSIT,286,1000
DEPOSIT,287,1000
DEPOSIT,288,1000
DEPOSIT,289,1000
DEPOSIT,290,1000
DEPOSIT,291,1000
DEPOSIT,292,1000
DEPOSIT,293,1000
DEPOSIT,294,1000
DEPOSIT,295,1000
DEPOSIT,296,1000
DEPOSIT,297,1000
DEPOSIT,298,1000
DEPOSIT,299,1000
DEPOSIT,300,1000
DEPOSIT,301,1000
DEPOSIT,302,1000
DEPOSIT,303,1000
DEPOSIT,304,1000
DEPOSIT,305,1000
DEPOSIT,306,1000
DEPOSIT,307,1000
DEPOSIT,308,1000
DEPOSIT,309,1000
DEPOSIT,310,1000
DEPOSIT,311,1000
DEPOSIT,312,1000
DEPOSIT,313,1000
DEPOSIT,314,1000
DEPOSIT,315,1000
DEPOSIT,316,1000
DEPOSIT,317,1000
DEPOSIT,318,1000
DEPOSIT,319,1000
DEPOSIT,320,1000
DEPOSIT,321,1000
DEPOSIT,322,1000
DEPOSIT,323,1000
DEPOSIT,324,1000
DEPOSIT,325,1000
DEPOSIT,326,1000
DEPOSIT,327,1000
DEPOSIT,328,1000
DEPOSIT,329,1000
DEPOSIT,330,1000
DEPOSIT,331,1000
DEPOSIT,332,1000
DEPOSIT,333,1000
DEPOSIT,334,1000
DEPOSIT,335,1000
DEPOSIT,336,1000
DEPOSIT,337,1000
DEPOSIT,338,1000
DEPOSIT,339,1000
DEPOSIT,340,1000
DEPOSIT,341,1000
DEPOSIT,342,1000
DEPOSIT,343,1000
DEPOSIT,344,1000
DEPOSIT,345,1000
DEPOSIT,346,1000
DEPOSIT,347,1000
DEPOSIT,348,1000
DEPOSIT,349,1000
DEPOSIT,350,1000
DEPOSIT,351,1000
DEPOSIT,352,1000
DEPOSIT,353,1000
DEPOSIT,354,1000
DEPOSIT,355,1000
DEPOSIT,356,1000
DEPOSIT,357,1000
DEPOSIT,358,1000
DEPOSIT,359,1000
DEPOSIT,360,1000
DEPOSIT,361,1000
DEPOSIT,362,1000
DEPOSIT,363,1000
DEPOSIT,364,1000
DEPOSIT,365,1000
DEPOSIT,366,1000
DEPOSIT,367,1000
DEPOSIT,368,1000
DEPOSIT,369,1000
DEPOSIT,370,1000
DEPOSIT,371,1000
DEPOSIT,372,1000
DEPOSIT,373,1000
DEPOSIT,374,1000
DEPOSIT,375,1000
DEPOSIT,376,1000
DEPOSIT,377,1000
DEPOSIT,378,1000
DEPOSIT,379,1000
DEPOSIT,380,1000
DEPOSIT,381,1000
DEPOSIT,382,1000
DEPOSIT,383,1000
DEPOSIT,384,1000
DEPOSIT,385,1000
DEPOSIT,386,1000
DEPOSIT,387,1000
DEPOSIT,388,1000
DEPOSIT,389,1000
DEPOSIT,390,1000
DEPOSIT,391,1000
DEPOSIT,392,1000
DEPOSIT,393,1000
DEPOSIT,394,1000
DEPOSIT,395,1000
DEPOSIT,396,1000
DEPOSIT,397,1000
DEPOSIT,398,1000
DEPOSIT,399,1000
DEPOSIT,400,1000
DEPOSIT,401,1000
DEPOSIT,402,1000
DEPOSIT,403,1000
DEPOSIT,404,1000
DEPOSIT,405,1000
DEPOSIT,406,1000
DEPOSIT,407,1000
DEPOSIT,408,1000
DEPOSIT,409,1000
DEPOSIT,410,1000
DEPOSIT,411,1000
DEPOSIT,412,1000
DEPOSIT,413,1000
DEPOSIT,414,1000
DEPOSIT,415,1000
DEPOSIT,416,1000
DEPOSIT,417,1000
DEPOSIT,418,1000
DEPOSIT,419,1000
DEPOSIT,420,1000
DEPOSIT,421,1000
DEPOSIT,422,1000
DEPOSIT,423,1000
DEPOSIT,424,1000
DEPOSIT,425,1000
DEPOSIT,426,1000
DEPOSIT,427,1000
DEPOSIT,428,1000
DEPOSIT,429,1000
DEPOSIT,430,1000
DEPOSIT,431,1000
DEPOSIT,432,1000
DEPOSIT,433,1000
DEPOSIT,434,1000
DEPOSIT,435,1000
DEPOSIT,436,1000
DEPOSIT,437,1000
DEPOSIT,438,1000
DEPOSIT,439,1000
DEPOSIT,440,1000
DEPOSIT,441,1000
DEPOSIT,442,1000
DEPOSIT,443,1000
DEPOSIT,444,1000
DEPOSIT,445,1000
DEPOSIT,446,1000
DEPOSIT,447,1000
DEPOSIT,448,1000
DEPOSIT,449,1000
DEPOSIT,450,1000
DEPOSIT,451,1000
DEPOSIT,452,1000
DEPOSIT,453,1000
DEPOSIT,454,1000
DEPOSIT,455,1000
DEPOSIT,456,1000
DEPOSIT,457,1000
DEPOSIT,458,1000
DEPOSIT,459,1000
DEPOSIT,460,1000
DEPOSIT,461,1000
DEPOSIT,462,1000
DEPOSIT,463,1000
DEPOSIT,464,1000
DEPOSIT,465,1000
DEPOSIT,466,1000
DEPOSIT,467,1000
DEPOSIT,468,1000
DEPOSIT,469,1000
DEPOSIT,470,1000
DEPOSIT,471,1000
DEPOSIT,472,1000
DEPOSIT,473,1000
DEPOSIT,474,1000
DEPOSIT,475,1000
DEPOSIT,476,1000
DEPOSIT,477,1000
DEPOSIT,478,1000
DEPOSIT,479,1000
DEPOSIT,480,1000
DEPOSIT,481,1000
DEPOSIT,482,1000
DEPOSIT,483,1000
DEPOSIT,484,1000
DEPOSIT,485,1000
DEPOSIT,486,1000
DEPOSIT,487,1000
DEPOSIT,488,1000
DEPOSIT,489,1000
DEPOSIT,490,1000
DEPOSIT,491,1000
DEPOSIT,492,1000
DEPOSIT,493,1000
DEPOSIT,494,1000
DEPOSIT,495,1000
DEPOSIT,496,1000
DEPOSIT,497,1000
DEPOSIT,498,1000
DEPOSIT,499,1000
WITHDRAW,1,1000
WITHDRAW,2,1000
WITHDRAW,3,1000
WITHDRAW,4,1000
WITHDRAW,5,1000
WITHDRAW,6,1000
WITHDRAW,7,1000
WITHDRAW,8,1000
WITHDRAW,9,1000
WITHDRAW,10,1000
WITHDRAW,11,1000
WITHDRAW,12,1000
WITHDRAW,13,1000
WITHDRAW,14,1000
WITHDRAW,15,1000
WITHDRAW,16,1000
WITHDRAW,17,1000
WITHDRAW,18,1000
WITHDRAW,19,1000
WITHDRAW,20,1000
WITHDRAW,21,1000
WITHDRAW,22,1000
WITHDRAW,23,1000
WITHDRAW,24,1000
WITHDRAW,25,1000
WITHDRAW,26,1000
WITHDRAW,27,1000
WITHDRAW,28,1000
WITHDRAW,29,1000
WITHDRAW,30,1000
WITHDRAW,31,1000
WITHDRAW,32,1000
WITHDRAW,33,1000
WITHDRAW,34,1000
WITHDRAW,35,1000
WITHDRAW,36,1000
WITHDRAW,37,1000
WITHDRAW,38,1000
WITHDRAW,39,1000
WITHDRAW,40,1000
WITHDRAW,41,1000
WITHDRAW,42,1000
WITHDRAW,43,1000
WITHDRAW,44,1000
WITHDRAW,45,1000
WITHDRAW,46,1000
WITHDRAW,47,1000
WITHDRAW,48,1000
WITHDRAW,49,1000
WITHDRAW,50,1000
WITHDRAW,51,1000
WITHDRAW,52,1000
WITHDRAW,53,1000
WITHDRAW,54,1000
WITHDRAW,55,1000
WITHDRAW,56,1000
WITHDRAW,57,1000
WITHDRAW,58,1000
WITHDRAW,59,1000
WITHDRAW,60,1000
WITHDRAW,61,1000
WITHDRAW,62,1000
WITHDRAW,63,1000
WITHDRAW,64,1000
WITHDRAW,65,1000
WITHDRAW,66,1000
WITHDRAW,67,1000
WITHDRAW,68,1000
WITHDRAW,69,1000
WITHDRAW,70,1000
WITHDRAW,71,1000
WITHDRAW,72,1000
WITHDRAW,73,1000
WITHDRAW,74,1000
WITHDRAW,75,1000
WITHDRAW,76,1000
WITHDRAW,77,1000
WITHDRAW,78,1000
WITHDRAW,79,1000
WITHDRAW,80,1000
WITHDRAW,81,1000
WITHDRAW,82,1000
WITHDRAW,83,1000
WITHDRAW,84,1000
WITHDRAW,85,1000
WITHDRAW,86,1000
WITHDRAW,87,1000
WITHDRAW,88,1000
WITHDRAW,89,1000
WITHDRAW,90,1000
WITHDRAW,91,1000
WITHDRAW,92,1000
WITHDRAW,93,1000
WITHDRAW,94,1000
WITHDRAW,95,1000
WITHDRAW,96,1000
WITHDRAW,97,1000
WITHDRAW,98,1000
WITHDRAW,99,1000
WITHDRAW,100,1000
WITHDRAW,101,1000
WITHDRAW,102,1000
WITHDRAW,103,1000
WITHDRAW,104,1000
WITHDRAW,105,1000
WITHDRAW,106,1000
WITHDRAW,107,1000
WITHDRAW,108,1000
WITHDRAW,109,1000
WITHDRAW,110,1000
WITHDRAW,111,1000
WITHDRAW,112,1000
WITHDRAW,113,1000
WITHDRAW,114,1000
WITHDRAW,115,1000
WITHDRAW,116,1000
WITHDRAW,117,1000
WITHDRAW,118,1000
WITHDRAW,119,1000
WITHDRAW,120,1000
WITHDRAW,121,1000
WITHDRAW,122,1000
WITHDRAW,123,1000
WITHDRAW,124,1000
WITHDRAW,125,1000
WITHDRAW,126,1000
WITHDRAW,127,1000
WITHDRAW,128,1000
WITHDRAW,129,1000
WITHDRAW,130,1000
WITHDRAW,131,1000
WITHDRAW,132,1000
WITHDRAW,133,1000
WITHDRAW,134,1000
WITHDRAW,135,1000
WITHDRAW,136,1000
WITHDRAW,137,1000
WITHDRAW,138,1000
WITHDRAW,139,1000
WITHDRAW,140,1000
WITHDRAW,141,1000
WITHDRAW,142,1000
WITHDRAW,143,1000
WITHDRAW,144,1000
WITHDRAW,145,1000
WITHDRAW,146,1000
WITHDRAW,147,1000
WITHDRAW,148,1000
WITHDRAW,149,1000
WITHDRAW,150,1000
WITHDRAW,151,1000
WITHDRAW,152,1000
WITHDRAW,153,1000
WITHDRAW,154,1000
WITHDRAW,155,1000
WITHDRAW,156,1000
WITHDRAW,157,1000
WITHDRAW,158,1000
WITHDRAW,159,1000
WITHDRAW,160,1000
WITHDRAW,161,1000
WITHDRAW,162,1000
WITHDRAW,163,1000
WITHDRAW,164,1000
WITHDRAW,165,1000
WITHDRAW,166,1000
WITHDRAW,167,1000
WITHDRAW,168,1000
WITHDRAW,169,1000
WITHDRAW,170,1000
WITHDRAW,171,1000
WITHDRAW,172,1000
WITHDRAW,173,1000
WITHDRAW,174,1000
WITHDRAW,175,1000
WITHDRAW,176,1000
WITHDRAW,177,1000
WITHDRAW,178,1000
WITHDRAW,179,1000
WITHDRAW,180,1000
WITHDRAW,181,1000
WITHDRAW,182,1000
WITHDRAW,183,1000
WITHDRAW,184,1000
WITHDRAW,185,1000
WITHDRAW,186,1000
WITHDRAW,187,1000
WITHDRAW,188,1000
WITHDRAW,189,1000
WITHDRAW,190,1000
WITHDRAW,191,1000
WITHDRAW,192,1000
WITHDRAW,193,1000
WITHDRAW,194,1000
WITHDRAW,195,1000
WITHDRAW,196,1000
WITHDRAW,197,1000
WITHDRAW,198,1000
WITHDRAW,199,1000
WITHDRAW,200,1000
WITHDRAW,201,1000
WITHDRAW,202,1000
WITHDRAW,203,1000
WITHDRAW,204,1000
WITHDRAW,205,1000
WITHDRAW,206,1000
WITHDRAW,207,1000
WITHDRAW,208,1000
WITHDRAW,209,1000
WITHDRAW,210,1000
WITHDRAW,211,1000
WITHDRAW,212,1000
WITHDRAW,213,1000
WITHDRAW,214,1000
WITHDRAW,215,1000
WITHDRAW,216,1000
WITHDRAW,217,1000
WITHDRAW,218,1000
WITHDRAW,219,1000
WITHDRAW,220,1000
WITHDRAW,221,1000
WITHDRAW,222,1000
WITHDRAW,223,1000
WITHDRAW,224,1000
WITHDRAW,225,1000
WITHDRAW,226,1000
WITHDRAW,227,1000
WITHDRAW,228,1000
WITHDRAW,229,1000
WITHDRAW,230,1000
WITHDRAW,231,1000
WITHDRAW,232,1000
WITHDRAW,233,1000
WITHDRAW,234,1000
WITHDRAW,235,1000
WITHDRAW,236,1000
WITHDRAW,237,1000
WITHDRAW,238,1000
WITHDRAW,239,1000
WITHDRAW,240,1000
WITHDRAW,241,1000
WITHDRAW,242,1000
WITHDRAW,243,1000
WITHDRAW,244,1000
WITHDRAW,245,1000
WITHDRAW,246,1000
WITHDRAW,247,1000
WITHDRAW,248,1000
WITHDRAW,249,1000
WITHDRAW,250,1000
WITHDRAW,251,1000
WITHDRAW,252,1000
WITHDRAW,253,1000
WITHDRAW,254,1000
WITHDRAW,255,1000
WITHDRAW,256,1000
WITHDRAW,257,1000
WITHDRAW,258,1000
WITHDRAW,259,1000
WITHDRAW,260,1000
WITHDRAW,261,1000
WITHDRAW,262,1000
WITHDRAW,263,1000
WITHDRAW,264,1000
WITHDRAW,265,1000
WITHDRAW,266,1000
WITHDRAW,267,1000
WITHDRAW,268,1000
WITHDRAW,269,1000
WITHDRAW,270,1000
WITHDRAW,271,1000
WITHDRAW,272,1000
WITHDRAW,273,1000
WITHDRAW,274,1000
WITHDRAW,275,1000
WITHDRAW,276,1000
WITHDRAW,277,1000
WITHDRAW,278,1000
WITHDRAW,279,1000
WITHDRAW,280,1000
WITHDRAW,281,1000
WITHDRAW,282,1000
WITHDRAW,283,1000
WITHDRAW,284,1000
WITHDRAW,285,1000
WITHDRAW,286,1000
WITHDRAW,287,1000
WITHDRAW,288,1000
WITHDRAW,289,1000
WITHDRAW,290,1000
WITHDRAW,291,1000
WITHDRAW,292,1000
WITHDRAW,293,1000
WITHDRAW,294,1000
WITHDRAW,295,1000
WITHDRAW,296,1000
WITHDRAW,297,1000
WITHDRAW,298,1000
WITHDRAW,299,1000
WITHDRAW,300,1000
WITHDRAW,301,1000
WITHDRAW,302,1000
WITHDRAW,303,1000
WITHDRAW,304,1000
WITHDRAW,305,1000
WITHDRAW,306,1000
WITHDRAW,307,1000
WITHDRAW,308,1000
WITHDRAW,309,1000
WITHDRAW,310,1000
WITHDRAW,311,1000
WITHDRAW,312,1000
WITHDRAW,313,1000
WITHDRAW,314,1000
WITHDRAW,315,1000
WITHDRAW,316,1000
WITHDRAW,317,1000
WITHDRAW,318,1000
WITHDRAW,319,1000
WITHDRAW,320,1000
WITHDRAW,321,1000
WITHDRAW,322,1000
WITHDRAW,323,1000
WITHDRAW,324,1000
WITHDRAW,325,1000
WITHDRAW,326,1000
WITHDRAW,327,1000
WITHDRAW,328,1000
WITHDRAW,329,1000
WITHDRAW,330,1000
WITHDRAW,331,1000
WITHDRAW,332,1000
WITHDRAW,333,1000
WITHDRAW,334,1000
WITHDRAW,335,1000
WITHDRAW,336,1000
WITHDRAW,337,1000
WITHDRAW,338,1000
WITHDRAW,339,1000
WITHDRAW,340,1000
WITHDRAW,341,1000
WITHDRAW,342,1000
WITHDRAW,343,1000
WITHDRAW,344,1000
WITHDRAW,345,1000
WITHDRAW,346,1000
WITHDRAW,347,1000
WITHDRAW,348,1000
WITHDRAW,349,1000
WITHDRAW,350,1000
WITHDRAW,351,1000
WITHDRAW,352,1000
WITHDRAW,353,1000
WITHDRAW,354,1000
WITHDRAW,355,1000
WITHDRAW,356,1000
WITHDRAW,357,1000
WITHDRAW,358,1000
WITHDRAW,359,1000
WITHDRAW,360,1000
WITHDRAW,361,1000
WITHDRAW,362,1000
WITHDRAW,363,1000
WITHDRAW,364,1000
WITHDRAW,365,1000
WITHDRAW,366,1000
WITHDRAW,367,1000
WITHDRAW,368,1000
WITHDRAW,369,1000
WITHDRAW,370,1000
WITHDRAW,371,1000
WITHDRAW,372,1000
WITHDRAW,373,1000
WITHDRAW,374,1000
WITHDRAW,375,1000
WITHDRAW,376,1000
WITHDRAW,377,1000
WITHDRAW,378,1000
WITHDRAW,379,1000
WITHDRAW,380,1000
WITHDRAW,381,1000
WITHDRAW,382,1000
WITHDRAW,383,1000
WITHDRAW,384,1000
WITHDRAW,385,1000
WITHDRAW,386,1000
WITHDRAW,387,1000
WITHDRAW,388,1000
WITHDRAW,389,1000
WITHDRAW,390,1000
WITHDRAW,391,1000
WITHDRAW,392,1000
WITHDRAW,393,1000
WITHDRAW,394,1000
WITHDRAW,395,1000
WITHDRAW,396,1000
WITHDRAW,397,1000
WITHDRAW,398,1000
WITHDRAW,399,1000
WITHDRAW,400,1000
WITHDRAW,401,1000
WITHDRAW,402,1000
WITHDRAW,403,1000
WITHDRAW,404,1000
WITHDRAW,405,1000
WITHDRAW,406,1000
WITHDRAW,407,1000
WITHDRAW,408,1000
WITHDRAW,409,1000
WITHDRAW,410,1000
WITHDRAW,411,1000
WITHDRAW,412,1000
WITHDRAW,413,1000
WITHDRAW,414,1000
WITHDRAW,415,1000
WITHDRAW,416,1000
WITHDRAW,417,1000
WITHDRAW,418,1000
WITHDRAW,419,1000
WITHDRAW,420,1000
WITHDRAW,421,1000
WITHDRAW,422,1000
WITHDRAW,423,1000
WITHDRAW,424,1000
WITHDRAW,425,1000
WITHDRAW,426,1000
WITHDRAW,427,1000
WITHDRAW,428,1000
WITHDRAW,429,1000
WITHDRAW,430,1000
WITHDRAW,431,1000
WITHDRAW,432,1000
WITHDRAW,433,1000
WITHDRAW,434,1000
WITHDRAW,435,1000
WITHDRAW,436,1000
WITHDRAW,437,1000
WITHDRAW,438,1000
WITHDRAW,439,1000
WITHDRAW,440,1000
WITHDRAW,441,1000
WITHDRAW,442,1000
WITHDRAW,443,1000
WITHDRAW,444,1000
WITHDRAW,445,1000
WITHDRAW,446,1000
WITHDRAW,447,1000
WITHDRAW,448,1000
WITHDRAW,449,1000
WITHDRAW,450,1000
WITHDRAW,451,1000
WITHDRAW,452,1000
WITHDRAW,453,1000
WITHDRAW,454,1000
WITHDRAW,455,1000
WITHDRAW,456,1000
WITHDRAW,457,1000
WITHDRAW,458,1000
WITHDRAW,459,1000
WITHDRAW,460,1000
WITHDRAW,461,1000
WITHDRAW,462,1000
WITHDRAW,463,1000
WITHDRAW,464,1000
WITHDRAW,465,1000
WITHDRAW,466,1000
WITHDRAW,467,1000
WITHDRAW,468,1000
WITHDRAW,469,1000
WITHDRAW,470,1000
WITHDRAW,471,1000
WITHDRAW,472,1000
WITHDRAW,473,1000
WITHDRAW,474,1000
WITHDRAW,475,1000
WITHDRAW,476,1000
WITHDRAW,477,1000
WITHDRAW,478,1000
WITHDRAW,479,1000
WITHDRAW,480,1000
WITHDRAW,481,1000
WITHDRAW,482,1000
WITHDRAW,483,1000
WITHDRAW,484,1000
WITHDRAW,485,1000
WITHDRAW,486,1000
WITHDRAW,487,1000
WITHDRAW,488,1000
WITHDRAW,489,1000
WITHDRAW,490,1000
WITHDRAW,491,1000
WITHDRAW,492,1000
WITHDRAW,493,1000
WITHDRAW,494,1000
WITHDRAW,495,1000
WITHDRAW,496,1000
WITHDRAW,497,1000
WITHDRAW,498,1000
WITHDRAW,499,1000